text,label
weightlifter promised his wife to win an olympic gold medal before she died in a car accident,14
the la rams have an assistant coach whose job is to make sure head coach sean mcvay doesn't run into the officials,14
"a pelicans fan snuck on to the court for warmups, stretched and put up a shot before the police escorted him off",14
"""just stay in there, you're done for tonight""",14
the monterrey stadium. mexico.,14
dwyane wade was very pleased with this no-look pass from lebron,14
synced videos of the eagles fan running into the pillar,14
boxing referee steve willis really loves his job,14
north korean speed skater tries to trip japanese opponent,14
"celebration after $75,000 half court shot",14
amazing technique for this france goal,14
yankees players hold a mock press conference after a home run,14
"lebron james gives a behind the back pass to himself, through his teammate's legs.",14
fan throws john cena's shirt back to him,14
friend who lost his leg to cancer got creative for halloween,14
concession prices at the atlanta falcons' new stadium,14
recreating space jam in his frontyard,14
watching the world cup penalty shootout between england and colombia without disturbing anybody is about as polite and english as it gets,14
buffalo bills take the field in blizzard conditions,14
principal drained a full-court shot with the entire student body watching,14
"france may have won the world cup, but croatia won our hearts. congratulations to the silver!",14
some golfers are braver than others,14
even wimbledon players are mocking neymar,14
don't be like nikola kalinic,14
little kid outplays rodger federer with a perfect lob shot,14
harden hit himself in the face,14
mexican fans went to the korean embassy and made the ambassador come out and drink tequila,14
marner of the toronto maple leafs makes a girl's valentine's day,14
sister mary jo blesses the first pitch in style,14
the fastest 100m times ever. names crossed over were using doping.,14
this is why the world series was so big to houston,14
lightning goaltender andrei vasilevskiy looks between his opponent's legs to locate puck and make behind the back glove save,14
toyota robot drains shot from the logo at a japanese b-league game,14
larry nance jr. recreates his father's dunk from 1984,14
"""think you might need this back""",14
"aaron feis, an assistant football coach at marjory stoneman douglas high school, died a hero yesterday as he saved countless students by shielding them from the shooter.",14
good sportsmanship,14
red sox fan gives a foul ball to a young yankees fan,14
mascot protects kid from foul ball,14
kid nails impression,14
good sportsmanship,14
cleveland browns fans hold parade after historic 0-16 season,14
i caught a ball.,14
oakland a's player holds back tears as he is given standing ovation when stepping up to bat for the first time since his mother passed away at age 55 from lou gehrig's disease,14
coach's son started crying when he realized the seniors won't be back,14
the vikings score on a last second touchdown to advance to the nfc championship,14
atleast the dallas stars did spongebob right,14
nfl punter jon ryan had a special message for his kicker when he left for another team,14
kickflip late back foot impossible by william pilz,14
lebron acknowledges the fans in the upper deck,14
team pulls off a beautiful goal despite terrible pitch conditions,14
ronaldinho gets the wrong card,14
sisters at the phillies game,14
gareth southgate consoling the columbian player that missed a penalty 22 years after it happened to him.,14
world cup ending injury for portugals pepe,14
watching people return this dropped hat at the houston astros parade was unreasonably thrilling,14
"boxing's biggest star, canelo, dodging punches like a super human",14
red card anyone?,14
a fan for life.,14
pump track,14
"""that"" selfie",14
25 years from the most memorable olympic cauldron lighting - barcelona '92,14
iranian girl cheers for her favourite football team from behind the fence as iranian women aren't allowed into stadiums,14
playing football in bird's eyes view with vr glasses,14
byron buxton circles the bases in under 14 seconds for an inside-the-park home run,14
feeling a rookies's heartbeat before his debut,14
"steve-o, now 10 years sober, just crushed his first triathlon",14
"why it's hard for dbs to cover gronk, in one unintentionally illustrative gif",14
standard russian penalty shot,14
chloe kim land back-to-back 1080s for the first time in olympic history to win gold in the women's halfpipe with a 98.25,14
foot sweep and knee,14
fan wearing a gilbert jersey gets surprised by rod gilbert,14
germany's last minute goal against sweden,14
"the japanese sport of ""boutaoshi"" meaning ""bring the pole down""",14
phoenix suns start to run down the court in perfect sync,14
"after his critique of his teammates' ""lack of urgency"", lebron james's defensive efforts or lack thereof against the grizzlies were spotlighted by nba media",14
just relax,14
jose guillen redeems a botched catch with one of the greatest throws in baseball history.,14
devastating knockout,14
brandin cooks of the la rams presents the team's custodian with super bowl tickets so he can take his son to the game,14
the best part of the superbowl,14
the most wholesome moment in tennis...,14
controversial no call on a potential pass interference in the nfc championship game,14
college game that got canceled due to lightning was settled the old-fashioned way,14
"26 years ago today, shaq tore down the entire backboard as a rookie.",14
lebron james pump fake and assist,14
"atlanta hawks fan hits half-court shot to win $10,000",14
michael jordan's pre-game tradition,14
"amazing soccer pitch in lofoten islands, norway",14
"the cleveland browns have won their first game since december 24th, 2016",14
shaq learned an mma move and immediately tried to sneak attack charles barkley,14
"what 10,000 horsepower does to a drag tire at launch",14
messi celebrating with dembele after his goal today looks eerily similar to this iconic shot of pele.,14
pittsburgh steelers linebacker ryan shazier continues to progress in his rehab one year after suffering a spinal contusion that left him paralyzed on the field,14
"""you can't watch march madness in class""",14
the cincinnati bearcats baseball team has mastered the art of the post game interview troll,14
high school running back hurdles two defenders,14
getting on the green with style,14
when you can't qualify for the finals anymore and decide screw it,14
tiger woods masters win as a flipbook animation,14
swedish captain asking how germany's game went,14
lakers bench goes wild after rookie moe wagner scores his first nba points,14
sportsmanship,14
"my dad's latest painting. congrats, tiger.",14
lacrosse goalie scores,14
partially blind fan offers official his cane,14
perfect tennis slice,14
failed attempt by a security guard to stop a fan during an atlanta braves live post-game show yesterday,14
man discovers hockey for the first time,14
kurtis downs lands an amazing trick at the nitro world games,14
scoring and celebrating in the same motion,14
"jacksonville state's norbertas giga, who came to the us from lithuania to pursue a basketball career, sees his mom for the first time in 5 years",14
classy move by dodgers to take full page ad in houston chronicle commemorative section celebrating first astros world series championship.,14
hockey training for 9 year olds in russia,14
tiger woods wins 5th masters title; first major victory since 2008,14
simone biles' ceremonial first pitch for game 2 of the world series.,14
rugby player relocates shoulder mid play,14
now these are cav's fans,14
"girl shows her artwork to her favorite player, giannis antetokounmpo",14
fierljeppen is holland's oldest sport,14
competitive tag,14
i coach youth sports. this 9 year old gets it.,14
"roger federer, winner of the most male grand slam singles titles in tennis history, got id checked going into the locker room at the australian open",14
"easy to forget how big nba players are. the rock is 6'5, 265 pounds.",14
"the washington capitals are having their stanley cup parade today but they also took out a full page ad in the las vegas review-journal to congratulate the vegas golden knights ""on the most successful inaugural season in the history of professional sports.""",14
"coke's slogan is ""share happiness"". so i made an ad to remind them of the kind of happiness they're sharing in qatar.",14
nfl kicker graham gano played kickball with his kids,14
pittsburgh steelers tribute to the victims of yesterday's synagogue shooting,14
he's cooler than the other side of the pillow...,14
a close call at 1st base,14
exit sign leaving angel stadium.,14
dwyane wade sought out hawks rookie kevin huerter to exchange jerseys as huerter grew up idolizing wade and wears number 3 because of him,14
andrea iannone headbutts seagull at motogp australia,14
some guys built their own stands at the little league world series,14
alex ovechkin was holding the stanley cup up in the middle of the inning at the nationals game yesterday. they didn't put him on the jumbotron because the ball was still in play.,14
the giants punt coverage manages to keep the ball out of the endzone to avoid a touchback,14
"surya bonaly performs her signature move, a backflip landed on one skate, after losing her shot at a medal in the '98 nagano olympics. the move is illegal in figure skating due to its danger.",14
speed difference between gt and f1 cars.,14
"lebron gives his wristband to a young fan holding ""you are more than an athlete"" sign",14
the most important stat...,14
jets ask little boy who recently beat cancer to stop by for practice...and he scored!,14
tyreek hill's high school 200m time vs. the fastest runners in the world,14
tony hawk lands the first ever 900,14
phil mickelson's trickshot over a man,14
nike's 30th anniversary of the just do it campaign,14
a fan's phone falls and others send it back to him,14
"""foooooooorce!""",14
"hafthor bjornsson ""the mountain"" sets dead lift world record",14
"pittsburgh steelers' ryan shazier, who suffered a serious spinal injury in december, walks on stage to announce team's 1st round draft pick",14
2nd & 3rd place winners of world figure skating championships help to lift the champion for podium photo,14
enjoying some ice cream at the ballpark,14
lebron james pressured adam silver to punish rockets gm daryl morey for controversial tweet,14
batter hits baseball back into pitching machine,14
old teammates jonas jerebko and donovan mitchell showing some mutual respect,14
boise state has a dog who retrieves the tee after kickoffs,14
"he died in 2015, cancer...",14
"in an empty stadium which normally holds 99,000+, fc barcelona plays behind closed doors as riots and protests continue in the city",14
soccer player gets bamboozled by little kid during pre-match walk out,14
german supermarket has a genius in charge of beer promotions,14
draymond green jr. spots a picture of his dad,14
fan let baseball player borrow his sunglasses and was rewarded afterwards with a game ball,14
36-year-old accountant called in as emergency nhl goalie â€” and he crushed it,14
australian cyclist mark renshaw's son giving him a bottle at the last feed stop of his professional cycling career,14
for us to be successful we go through difficult things or challenges,14
pirates fan gives his foul ball to a little girl nearby,14
baseball fan army crawls back to seat so as to not obstruct the view of his fellow humans,14
dirk nowitzki crying after being introduced in his last nba game.,14
goalkeeper training,14
clemson head coach dabo swinney gives the team's equipment manager tickets to the super bowl so he can go with his dad,14
2018 world's strongest man,14
a fan gave cam newton a big box of bojangles fried chicken,14
curling 360 no scope,14
arizona diamondbacks have a young blind man throw out the first pitch of a playoff game,14
this little guy at the reds game wouldn't throw out the first pitch until he was on the mound,14
"marcelo vieira's 8 yr old son practicing headers with his dad's team, real madrid",14
afghan kid meets his hero! and doesn't want to leave his side.,14
johnny weir and tara lipinski look like they're announcers for hunger games,14
goal in scott sterling's style.,14
ref in the cfp national championship dodges a bullet,14
mascot gets way too close to the security guard,14
amazing snag at the st. paul saints game,14
ryan williams lands a 1080 front flip (world first),14
women's water polo - hungary - japan,14
naomi osaka is reportedly set to sign adidas' biggest deal with a female athlete â€” and it could make her one of the highest-paid women in sports,14
"shaq on china: ""they know and understand our values ... and one of our best values in america is free speech. we're allowed to say what we want to say and we're allowed to speak up on injustices, and that's just how it goes"" ""daryl morey was right""",14
this is beckham,14
paulinho boracini scores a 3 pointer after a pass to himself on a free throw to win the game.,14
zlatan ibrahimoviÄ‡ dismantles defense,14
playing catch during a rain delay,14
james harden no look blocks demar derozan,14
matt bosher just baptized kenjon barner,14
bald eagle at the twins home opener lands on mariners starting pitcher james paxtons shoulder,14
how the hell do you jump out of a pool..,14
devontae booker hurdles defender,14
wayne rooney scores from his own half,14
"pittsburgh fan catches st. louis home run, promptly throws it in the river",14
dick fosbury changes the high jump forever with the fosbury flop at mexico 1968 olympics,14
young fan gets a high-five from steph curry,14
professional ultimate frisbee,14
super intense tic-tac-toe game at the schoolyard,14
world cup: belgium eliminates brazil,14
high quality play in the saudi arabian league,14
dad marking out on a small football pitch with his blind son's hands what's going on down on the actual pitch.,14
iceland has just won a point in their first world cup game ever!,14
13 year old girl gets a hole in one after being promised she'd get a puppy if she did it,14
supermoto racer arttu stenberg showing off his skills,14
"shaquem griffin, a linebacker who only has one hand, wasn't invited to the nfl combine and had to petition in order to participate in it, runs a 4.38 40-yard dash. it's the fastest by a linebacker since the combine began being televised in 2003.",14
northern michigan seals the victory with the first goalie goal in program history,14
eagles celebrate touchdown with a home run,14
colts invite girl who survived getting shot 7 times during a school shooting to break down their team huddle,14
special needs high school basketball player drains her first career shot,14
lebron james throws it off the backboard to himself and slams it home.,14
freshman blake peters from evanston high school (il) attempts full-court game winner.,14
f1 pit stops in 1981 vs 2019,14
"watching tiger woods tee off, 2002 vs. 2018",14
"to honor fallen teammate jordan mcnair, maryland took the field with only 10 players leaving the guard position empty and took a delay of game penalty. texas declined the penalty.",14
ichiro goes full ninja to score a run,14
"the korbut flip, 1972",14
soccer player andres iniesta played his last game with barcelona after 20 years at the club. he stayed on the field until 1 a.m. after the game.,14
catch of the year...,14
general motors head of product development wrecks the pace car at detroit grand prix,14
tommy fleetwood makes a rare albatross at wentworth,14
insane body control by angel rice,14
19 year old rookie makes nhl look like a beer league,14
jeremy evans dunks over a painting of himself dunking,14
kevin durant gives his shoes to a young fan,14
clippers head coach doc rivers called a timeout with 9.4 seconds left so that the los angeles crowd could give dirk nowitzki a standing ovation as part of his last game there,14
the best part of the superbowl,14
"miles taylor, a 99-pound man with cerebral palsy, accomplishes a 200-pound deadlift",14
arizona state's n'keal harry beats the entire defense to score a td,14
travis pastrana honors evel knievel by jumping 52 cars (143 feet) at caesars palace,14
world archery youth championship,14
belgium celebrating a goal,14
eric young jr back-peddles to home plate to avoid getting touched out,14
san francisco's george kittle falls down to get open,14
coach can barely keep it together due to his player's realness. sometimes you don't know your impact on another until it hits you!,14
celtics fan from my school,14
bike football,14
this 2-point conversion should count for at least 4 points,14
professional tag game at the world chase tag championships,14
brett connoly wants to get a puck to an young girl.,14
goal keepers header in the 95th minute wins the game for his team,14
"pittsburgh steelers lb ryan shazier, who suffered a spine injury 2 months ago, stands up at penguins game",14
oakland raiders practice squad kicker giorgio tavecchio had been trying to make a team since 2012 finally got called up to play yesterday. he went 4-4 on field goals including two from 52 yards out and got the game ball.,14
"hopkins lacrosse executes a perfect ""hidden ball trick"" to score against navy.",14
one could say uofa security isn't the best,14
getting in the opponents head,14
tony romo calls every clutch play before they happen at the end of the afc championship,14
this rockets fan,14
eduardo nunez hits an inside the park home run for the red sox in under 16 seconds,14
"over 36 years ago today, luke appling hit a homerun at 75-years-old during an old-timer game",14
every survivor of larry nassar's abuse standing on stage during the espys,14
greg popovich conducts a vote on whether to let patty mills keep playing while in foul trouble.,14
this is how you start a fight,14
muhammad ali dodges 21 punches in 10 seconds,14
vance macdonald with one of my favorite stiff arms i've seen in a long time.,14
true sportmanship,14
"the #1 bracket on espn ""i just guessed"".",14
football commentators are crazy!,14
joey bosa of the los angeles chargers meets with tom brady,14
"i mean, you could've just asked for it...",14
von miller flagged for unsportsmanlike conduct.,14
chicago's chase daniel was eager to start his first game since 2014 and ran onto the field too early,14
"a young colorado rockies fan caught a washington home run, and a young washington nationals fan caught a colorado home run. so they swapped souvenirs.",14
ny yankees aaron judge plays catch with a young fan in between innings.,14
usain bolt scores his first professional goal for the central coast mariners,14
the longest ski jump ever (832 ft),14
91 year old gymnast's routine,14
japanese baseball superstar shohei otani crushes a fly ball through a 2 foot gap in the roof,14
the curve on that shot!,14
polish club match turns into the battle of hogwarts,14
seattle nhl team names as voted on by reddit,14
wholesome figure skating moment by yuzuru hanyu,14
"37 years ago today, a bunch of college kids from usa defeated ussr in ""miracle on ice"".",14
never forget that 2001 mlb game where randy johnson killed a bird,14
fan with poster gets her wish,14
mma fighter perfectly times opponents spinning attack with a spinning elbow of his own,14
water jousting,14
old school,14
man asks blue jays for the source of injury news and the jays respond quite literally.,14
bend it like adriana leon,14
pablo cuevas' no-look behind the back tennis winner,14
ohio state band does the space race,14
shaun murphy snooker trick shot,14
amazing throw in ultimate frisbee game,14
tying shoes penalty kick,14
"college basketball player gets injured, but still scores",14
young fan made the most of his ceremonial kick-off in marseille.,14
calculated drift,14
alabama brought in helicopters to help dry the field for today's iron bowl,14
crossing a triple jump lane during a competition,14
steph curry inspires a new generation,14
"hopkins lacrosse executes a perfect ""hidden ball trick"" to score against navy.",14
lebron's dance at the playoffs finals.,14
perfect turns by f1 driver kimi raikkonen,14
paul hunt's entertaining gymnastics routine,14
wide receiver trying to beat his defender in rock-paper-scissors,14
naomi osaka wins australian open. she is the first japanese player (man or woman) in history to earn world #1 ranking,14
italy has failed to qualify for the fifa world cup for the first time since 1958.,14
steph curry desperately trying to get open,14
"eight months after suffering a spinal injury during a game, steelers lb ryan shazier is walking on his own",14
zverev scares ball boy,14
f1 driver riccardo patrese takes his wife for a drive on the track,14
"deontay wilder extends his jab, then strips kelvin price's guard to land his ko right",14
extremely talented amateur boxer does backflip mid fight,14
f1 pit stops are so fast these days.,14
heartbreak in chicago: k parkey misses potential game winner against the defending champions,14
the chosen one,14
"iceland, a country with the population of 330.000, just qualified for the world cup!",14
soccer on ice,14
ronnie o'sullivan with impossibly precise spin to get back onto the red,14
"this is our best friend nicholas dworet, he was a swimmer and a 2020 swedish olympic hopeful. he passed at marjory stoneman douglas, please never forget",14
"wayne rooney celebrates scoring against manchester city, 4 years apart.",14
incredible save during this weekend's motogp 3,14
dancer at a basketball game makes a half court shot by lobbing it backwards,14
michael jordan's competitiveness never ends,14
kansas city's patrick mahomes looks to his right while throwing to his left,14
ryan williams lands bmx 1080 front flip at nitro world games,14
watch out curry.,14
turning one point into three,14
dallas mavericks luka doncic got left hanging and high fived himself,14
"""go deep!""",14
feeling a rookies's heartbeat before his debut,14
"today would've been legendary sportscenter host stuart scott's 53rd birthday. cooler than the other side of the pillow, happy birthday stuart.",14
the most insane cornhole shot i've ever seen,14
lsu's breiden fehoko doing a traditional haka war dance with his father and brother before the georgia game this saturday,14
jeremy lamb half court buzzer beater to beat toronto,14
norwegian curling team's valentine's day pants.,14
michael phelps is the most decorated olympian of all time and also holds the record for the longest televised putt,14
japanese rookie shohei ohtani hits first major league home run.,14
conor mcgregor punches elderly man for turning down his whiskey.,14
adam hadwin reads the green,14
soccer player gets a lucky break and has a decent chance to score...,14
j.j. watt takes the field in houston for the first time since hurricane harvey,14
"""give him a yellow card.""",14
dirk nowitzki showing his soccer skills,14
"did this woman, standing next to putin, steal a gold medal from the world cup?!",14
army went with all white uniforms for their game with navy. they became perfect snow camouflage.,14
amazing full-court buzzer beater,14
in case anyone wanted the pittsburg penguins wifi info,14
peters throws flag into stands,14
regular people attempting to jump as high as cristiano ronaldo,14
michael jordan shatters the backboard with a dunk,14
german bobsled team crashes into 1st place,14
wisconsin high school drains half court shot at the buzzer!,14
mbappe high fiving the intruder during fifa final,14
catcher joe mauer fakes a throw to first base before racing to home plate to tag out brett gardner,14
the body of an elite nfl athlete,14
"prolific scorer, leo messi, had been unable to get a goal past legendary keeper gianluigi buffon, until finally this past tuesday. here they are after the match.",14
lebron james surprises the assistant equipment manager for the grizzles with his game worn shoes after the win in memphis,14
rally car driver shows off some skill,14
deaf and blind brazil fan experiences the world cup,14
claude giroux goes between the legs and lifts a defender's stick to beat a 4-on-1,14
former australian prime minister bob hawke skulling a beer on live tv at the cricket,14
akiem hicks taunts andrew luck in pro bowl dodgeball and gets nailed,14
how to stop messi.,14
usa wins the 2019 fifa women's world cup over the netherlands 2-0,14
patriots defense save the punt,14
you think paying to watch out of market games are bad? wait til you have to pay for that plus in market games. join the fight.,14
snake on the field watches baseball game,14
joe mauer using his spidey senses to catch a ball,14
bethe correia eats a shin bone sandwich after taunting the preachers daughter holly holm at ufc fight night 111,14
the greatest game ending touchdown ever.,14
humboldt broncos defenceman logan boulet has been taken off life support. his organs will be donated and he will help save the lives of six others. r.i.p. logan,14
no-look knockout,14
titans fake punt goes for a 66-yard td.,14
"this man attended game 7 of the 1945 world series, seated behind home plate, please help him find a photo of him at the game.",14
dont forget japan,14
crazy double save by evgeny chernov in russia premier liga,14
asking for a booking,14
kicker wins full scholarship after he makes 53-yard field goal,14
this guy at the eagles - packers game.,14
tigers first baseman miguel cabrera used the hidden ball trick on ehire adrianza to get an out,14
"akwasi frimpong, ghana's first skeleton athlete, enjoying pyeongchang",14
setting up for a penalty kick,14
one of the best hockey goals i've ever seen,14
infield triple,14
the most intense dart player ever,14
seamless team goal by the red wings,14
olimpic games 2018 by vladimir tsesler,14
fancy flying while filming a rally car,14
out of nowhere,14
jose guillen's mutant throw from the warning track,14
atlanta braves fan makes an incredible one-handed catch of a grand slam home run during tonight's game.,14
sidecar co-pilots hugging the corners at the scarborough gold cup.,14
triple cork 1980 from the x-games,14
roy jones jr takes a moment to think about how good he is.,14
extreme downhill racing,14
david beckham pranked with a fake statue by james corden.,14
mertens & his imaginary friend (x-post),14
houston rockets honor 1-year anniversary of the passing of sideline reporter craig sager with tribute video and invited his 12 year-old daughter riley to take a ceremonial shot,14
auburn player is warmly welcomed into georgia huddle.,14
"everyone was watching chile's game yesterday, everyone (taken from r/chile)",14
shaq could literally dunk on the whole team at once,14
todd helton gets an out on matt carpenter after he forgets to stay on the bag,14
a very clever field goal fake just barely works,14
skipping in a 380ft shot - eagle mcmahon,14
impressive table tennis rally,14
french ice dancers marie-jade lauriault and romain le gac perform the rotational lift portion of their routine,14
windy day on the golf course,14
philadelphia eagles beat new england patriots 41-33 in the superbowl 52,14
guy gets trapped under tarp being put over raining baseball field,14
rafael nadal hits an unreal shot around the net to set up match point,14
shaq dunking on all 6 nets,14
"conor mcgregor: ""this guy lives at the back of the gym in a van. respect to everyone chasing their dreams in this crazy world.""",14
"cody zeller misses the free throw and steals the ball from giannis, who forgot it was a live ball, for an easy dunk",14
one punch knockout in shortest title fight in boxing history,14
man u's ibra elbows a player after his head is stepped on.,14
counterattacking team goal wins it late for belgium,14
father gets emotional when his son scored goal first time,14
cyclist(tomasz marczyÅ„ski) legs during the season,14
"man wearing a maga hat asks for lebron's towel, bron throws it out of his reach",14
washington wizards fans all feel the pain simultaneously,14
nfl lineman catches teammate for touchdown,14
fan gets picture with cristiano ronaldo before being escorted off the pitch,14
"reds' jesse winker makes catch, eyeballs fan's food.",14
jason witten broke the pro bowl trophy while presenting it to jamal adams and patrick mahomes,14
eliud kipchoge has broken the unofficial marathon world record with a time of 1:59:40.2!,14
"history could be made in san francisco on sunday: blake bortles needs 16,966 rushing yards against the 49ers to become the nfl's all-time leading rusher (emmitt smith: 18,355).",14
trevor booker joins cleveland's huddle.,14
and with the first pick in the 2023 nhl draft...,14
jamal adams makes the day of a fan.,14
this corner kick today in the football game paris sg vs toulouse fc,14
"""you saw that...you saw that too""",14
egyptian goalkeeper mahmoud gad with a clear and last-ditch effort save,14
"calgary flames goalie's brother, who has autism, meets hero, harvey the hound in heartwarming video.",14
grandpa puts on a boxing clinic.,14
they went right back to fighting after they both got out of the penalty box,14
mike tyson's unstoppable right hook & uppercut knockout combination,14
brothers first,14
baseball reporter catches foul ball in the middle of his segment,14
senegal's training session looks fun.,14
no-look shot at the world badminton championships,14
professional skiier max hauke gets caught in the act using performance enhancing drugs under the skiing world cup,14
thanks nbc for letting me know tiger is even (score-less) as he gets his clubs from his car in the parking lot,14
"muhammad ali boxing underwater, 1961. ali was 19 here and didn't know how to swim.",14
playing tennis with a fireball,14
chapecoense plane crash survivor scores in a friendly match,14
usa men's curling wins olympic gold for first time ever.,14
rodney mullen,14
usa beats canada for womens hockey gold medal in pyeongchang,14
tim duncan's daughter is wearing a gregg popovich t-shirt,14
things got crazy in badminton,14
belgian players console and give a hand to japanese players after their heartbreaking loss,14
zion williamson recovers on defense and sends a three point attempt into the stands with a block,14
talgat zhailauov has a rough time exiting the penalty box,14
good to see the twins are getting back on track.,14
tiger woods wins his first pga tour victory since 2013. finishes #1 at the tour championship,14
shemika charles limbo at half time game for wisconsin. she's 23 here. at 18 yrs old she set the guinness world record at 8.5 inches.,14
bill aims at halting taxpayer-funded stadiums,14
curtis stevens reacts to gennady golovkin's left hook,14
matt damon and jimmy kimmel at the boston red sox vs la dogders world series game,14
tampa bay ray's pitcher oliver drake shows off his screwball,14
why you shouldn't use your cell phone during a basketball game,14
giroud takes the ball pass 5 players including the keeper to score a goal,14
learn to love your enemies,14
104-year-old world war ii veteran frank anderson threw out a first pitch yesterday at a memphis red birds game,14
the miami dolphins pull off a miracle 69 yd lateral td to beat the patriots!,14
the toronto raptors parade from above,14
blake griffin fools both defenders with a fake handoff,14
giannis antetokounmpo gives a young fan his own hoodie to cover up a big baller brand hoodie,14
bundesliga side hoffenheim installed a giant screen at their training grounds to enable them work on mistakes in real time. the players have found a better use for it.,14
toronto raptors are the 2019 nba champions. making it the first time a team not from the united states has won the nba championship.,14
brian earhart - 391ft ace at 2019 glass blown open,14
mets' todd frazier grabbed a fan's rubber baseball to fool umpires into thinking he'd made this catch.,14
jay cutler posing as a threat at wide receiver in the wildcat formation,14
dwight muhammad qawi taunting leon spinks,14
christian & scooby halftime performance arizona basketball,14
uconn coach putting on his professional face after beating syracuse,14
tim cameron's rock bouncer has a mind of its own.,14
beautiful play by marcelo and his helpers ðŸ˜ƒ,14
one shot to win her daughter free tuition,14
introducing darrel 'the barrel' hales,14
prospect demonstrates his confidence and slickness.,14
brutal head kick,14
canelo with the head movement clinic,14
football coaches agreed to slide in the mud if the team had a good practice,14
triple front flip on skis,14
three brothers were on the starting squad for the new zealand rugby team today.,14
downhill ice skating,14
"high school pitcher strikes out his childhood friend to go to the state championship, and forgoes celebrating to console him.",14
cincinnati reds 3rd baseman alex blandino shows off impressive 67-mph knuckleball during pitching debut,14
pit stop in 2 seconds,14
shaun murphy trickshot vs ronnie o'sullivan,14
the worlds longest hockey game is currently being played in norway. 9 periods of overtime and counting. still tied 1-1. the game started over 7 hours ago.,14
houston astros mascot tricks angels' mike trout,14
tennis physics,14
drake sitting court-side at the raptors game wearing a humboldt broncos jersey #humboldtstrong,14
lebron james responds to donald trump rescinding stephen curry's invitation to the white house,14
"on this day, two years ago, rougned odor punched jose bautista and created my favorite photo in all of sports.",14
"broadcast team having a little fun with a baseball player named ""arquimedes""",14
fan on the field taken out by defender,14
lacross long shot,14
"p.k. subban gets upset in the penalty box, but is also a good guy about it",14
fighter dislocates shoulder.. opponent sets it back in place. sportsmanship.,14
trick shot,14
warren moon throwing perfect spirals.,14
new york ranger's pavel buchnevich makes a kid with his old khl jersey cry by giving him a stick and taking a picture with him,14
bills fans waited in single digit temperatures to welcome the team home after making the playoffs for the first time since 1999.,14
"wow, congrats joe thomas!",14
odell beckham one-handed catch,14
giannis with an amazing pass to harden's face,14
cleveland indians pitcher zach mcallister making the catch of the year,14
happy halloween from the rcr pit crew department!,14
the perfect free-kick,14
13 y/o oleksii sereda has become the youngest gold medalist ever in the history of the diving european championships,14
dirk nowitzki attempts a bicycle kick in a charity game,14
ridiculous footwork from anthony martial,14
highlight of the marlins' season,14
football coach runs through the locker room door during pregame speech,14
two young fans enjoying the view at the broncos game,14
"this day, 20 years ago: mark mcgwire hits #70. phil ozersky, a fan making $30k a year, catches the ball. the cardinals ask him for the ball for a signed bat, ball & jersey. ozersky says he also wants to meet mcgwire. mcgwire says no. 3 months later, ozersky sells ball for $3.05m.",14
for the first time in ncaa tournament history a 16 seed has beat a 1 seed. umbc (16) beats virginia (1) 74 to 54,14
german foreign office release wholesome travel advisory for germans in canada after amazing semi-final victory,14
leo messi nutmegs filipe luis,14
ravens qb lamar jackson spins past two defenders on a long td run,14
"crazy rally in a 'spikeball' match, a sport that was featured on shark tank and gained popularity.",14
young shaq brings down the hoop,14
cate campbell of australia gets annoyed that she broke the commonwealth games record in the 100m freestyle semifinal. she's annoyed because breaking a games record automatically triggers a drug test.,14
this penalty made me smile,14
ken griffey sr & ken griffey jr hit back to back home runs. first father/son duo to hit home runs in the same game.,14
philadelphia phillies' nick williams insane slide on first career stolen base,14
the skycam angle of cordarrelle patterson's 102 yard td return,14
braden holtby's game 2 save...in cartoon flipbook form (oc),14
one of the greatest sports bloopers of all time,14
pole vault gone wrong,14
mets pitcher steven matz catches a line drive behind the back and gets the double play,14
forsberg beats him like a rented mule.,14
redeemed himself on missing that first dunk even though the basket didn't count,14
hilarious sign at nbc's stanley cup finals pregame show,14
rays if will ryhmes faints from pain after hit by pitch on forearm,14
oddly satisfying and oddly accidental slo-mo of my friends not so great golf game.,14
"tens of thousands of belgians agreed to do an ""adfundum"" (finish their beer in 1 go) every time neymar falls down during the worldcup match brazil-belgium tonight.",14
amazing hockey play,14
usain bolt's face right before he finishes the 100 meter sprint in the semi-finals in rio,14
football wonderkid,14
bill murray...an american treasure,14
roy jones jr used to toy with his opponents in the ring while knocking them out,14
'beat the freeze' race gives fan a generous head start,14
kid does some skateboarding tricks.,14
"the ncaa will allow athletes to be compensated for their names, images and likenesses in a major shift for the organization",14
ballboy's awesome catch,14
"andrew whitworth of the la rams, who has been playing in the nfl since 2006 but his teams have been 0-7 in the playoffs, celebrates with his children after getting his first playoff win",14
"what 10,000 horsepower does to a top fuel drag tire at launch.",14
crazy goal in the khl,14
the ref looks really happy that the patriots scored a touchdown.,14
yuliya levchenko - high jump for 1.96 (pb at european championship u23),14
alex ovechkin lifts the stanley cup for the first time in his career!,14
cleveland browns field goal attempt to get their first win in 2 years,14
back to back splits... on tv,14
tip off fake out,14
today is the 25th anniversary of jose canseco having a ball bounce off his noggin for a home run.,14
mma fighter gets the ko victory then tears his acl while celebrating,14
downhill ice cross,14
kawhi leonard is able to dunk and palm the ball before it hits the floor,14
coach communicating with his team during a timeout (mississippi school for deaf),14
"eagles defender, avonte maddox, taunts packers te, allen lazard, after the play. lazard shows him the flag.",14
the buffalo bills are back into the nfl playoffs after 17 years of not qualifying. their fans are tailgating appropriately.,14
"to referee a lions game, you need something extra...",14
gonzaga basketball players and the news anchor who interviewed them.,14
these two guys adjusting their hats during last nights game 7.,14
ichiro suzuki recives a round of applause and farewell from his teammates as he is taken out in his last career game,14
a winning manager showing his father the trophy his county received for winning the all ireland for the first time in 29 years,14
vegas golden knight's game-opening ceremony against the winnipeg jets for the nhl playoffs,14
calgary hitmen fans celebrate opening goal by throwing stuffed animals onto the ice to be donated to deserving children this christmas.,14
ball boy baits cristiano ronaldo,14
"dear espn, go fuck yourself. sincerely everyone.",14
messi scores his first goal in world cup 2018 vs nigeria.,14
"(world cup) reporter to lionel messi in spanish: ""after the 1st game i gave you a good-luck amulet that my wife gave me. i don't know if you still have it or threw it away..."" messi then shows he's worn it along along and leaves the reporter stunned.",14
insane flying knee knockout,14
russell westbrook offers to trade a young fan his shoe for a slice of pizza,14
always show good sportsmanship,14
canelo alvarez with a lightning fast counter punch,14
super bowl: cbs rejects ad on benefits of medical marijuana,14
the power of a mike tyson right hook in his prime,14
"after four runs, canada and germany tie for gold in the men's two man bobsled. the teams tied to the hundredth of a second.",14
25 years ago today one-handed pitcher jim abbott threw a no-hitter.,14
the chicago cubs are heading to the world series for the first time since 1945.,14
i wrote to espn in 1994 in a 7th grade writing class. this was what i got in response.,14
"la raiders linebacker matt millen punching former new england patriots general gm patrick sullivan after the 1985 divisional-round playoff, where the patriots pulled off a upset 27-20. millen was apparently not happy with sullivan's trash talking of howie long during the game.",14
kobe's first point ever... and his last,14
that time shaq made everyone on the bench fear for their lives,14
soccer ball interrupts a military parade marching through the red square in moscow,14
logo for 2018 world chess championship were released today. somebody messed up big time.,14
betty heidler's incredible hammer throw,14
the number 9 appears in cloud form over nissan stadium as the late steve mcnair's #9 jersey is retired as a tennessee titan.,14
"william karlsson of the vegas golden knights made an unassisted, shorthanded, between-the-legs goal",14
philippe gilbert falls over a wall in tour de france,14
my school has an app that syncs your phone flashlight with our light show. pretty neat,14
"high school kicker, levi forrest, smashes 59-yard field goal",14
"golden tate drops ""the people's elbow"" on the football after scoring a td",14
nfl star running back lesean mccoy alegedly beat up his girlfriend delicia,14
nike jerseys not off to a great start,14
nfl referee gets caught in the middle of a dogpile,14
a young fan dressed as an umpire and called a minor league game from the stands,14
mattie rogers attempts a 106kg (233.7lb) snatch at the 2019 world weightlifting championships,14
awesome sportsmanship from mike mcdade,14
when you drive like a madman better have good reflexes,14
"7' 3"" boban marjanoviÄ‡ standing next to 4' 11"" kristen chenoweth",14
phil mickelson takes golf advice from young fan before attempting shot out of the rough.,14
boban marjanovic of the la clippers came to wish actress and singer kristin chenoweth good luck with the national anthem before tonight's game,14
fuck you espn,14
no big deal.,14
cowboys 325lb g larry allen chases down 250lb linebacker to prevent touchdown,14
world cup: england in semi final,14
impressive leap,14
the university of minnesota put a picture of a gopher up on the jumbo tron during penn state's field goal kick.,14
surprise: mexico beats germany 1 : 0!,14
"when a miami hurricane football player makes an interception or recovers a fumble, they are immediately given a massive gold chain to wear called ""the turnover chain.""",14
a story of revenge,14
cubs win 2016 world series!!,14
cristiano ronaldo amazing bicycle kick goal vs juventus,14
catching an interception on your butt,14
insane frisbee catch,14
tim duncan is so smooth,14
franck ribery unties the referee's shoes,14
young fan at yankees game snags a foul ball with a glove full of popcorn,14
why nascar pit crew wear firesuits,14
"jordan mailata, a 6'8"" 346 pound samoan rugby league player who has never played football, got drafted in the 7th round by the philadelphia eagles",14
indonesian soccer player terens puhiri has incredible speed,14
oops,14
"on this date in 1998, bobby boucher showed up at halftime and the mud dogs won the bourbon bowl.",14
hockeyguy wrecks himself leaving the ice,14
sound guy gets destroyed by the team entering the stadium (vikings),14
leo messi's impressive shirts collection,14
president obama ends olympic 'victory tax'. the irs will now be prohibited from taxing most medals or other prizes awarded to u.s. olympians.,14
"when skydiving in australia, the danger comes after you land.",14
polish skier pawel babicki finishes run on one ski,14
"puerto rico just won its first ever olympic gold medal, by 22yo monica puig in the ladies tennis singles final. she beat angelique kerber of germany (2016 australian open champion). she (puig) is unseeded in the tournament while kerber is no.2 seed and ranked no.2 in the world",14
"""fucking ridiculous,"" thought tony ferguson, as he practiced his salsa dancing with rda",14
"a japanese runner broke her leg during a relay race, yet she didn't stop and crawled to her partner so the team would be able to continue the race",14
scoring from first base on a single,14
carlos gÃ³mez gets hit with a tranquilizer,14
toronto is in town,14
"muhammad ali, 'the greatest of all time', dead at 74",14
"brazilian surfer rodrigo koxa surfing the largest wave ever ridden, topping out at 80ft",14
t.j. lee requests a wide reciever then gets a train run on him,14
beer league softball at bat,14
embiid celebrates with kevin hart. then proceeds to pick him up like a little boy.,14
"after bucs start 2-0, normally modest ryan fitzpatrick shows up to press conference dripping in gold and diamond jewelry with dark sunglasses on and says: ""we have to stay humble. we can't change who we are.""",14
scene from zagreb & london at same time.,14
norwegians play drunk football,14
"just over three months after the bus crash that killed 16 hockey players in saskatchewan, survivor ryan straschnitzki (left), who suffered a spinal injury, is practicing sledge hockey. he hopes to one day participate in the paralympic games.",14
burnley f.c. fan brushes off a header,14
the compression of this ball on a homerun,14
footballer finds an alternative way of transportation,14
this is what happens when you spend too much time on the bench (north carolina tar heels),14
19 year old joÃ£o felix of benfica celebrating with his 16 year old brother who is a ballboy at the game.,14
steward bodychecks runner at 2017 uci road world championships,14
edson barboza kos beneil dariush with a perfectly timed flying knee at ufc fight night 106,14
messi showing off his shirt to real madrid fans after 3-2 goal in el clasico. probably the pic of the day.,14
world champion irish boxer michael conlan shows judges the finger after controversial loss to russian,14
"in his first game, freshman brandon talton, university of nevada's backup kicker, drills a 56-yard field goal with no time left to give his team the win over purdue",14
ravens 340lb dt brandon williams doing a handstand,14
messi dodging 4 defenders and scoring,14
manny pacquiao's devastating knockout against ricky hatton,14
cyclist janez brajkovic leg after a race,14
neymar with a great rainbow flick vs costa rica,14
baby ducks found on fowl line during baseball game,14
march madness summed up in one photo,14
view from the announcer's booth in the fog during the patriots vs. falcons game,14
usa and mexico players with a much needed message.,14
don't pick a fight with the goalie,14
"come for baker mayfield's first td pass, stay for the fusion dance celebration",14
devonte green has the gta: san andreas unlimited ammo cheat code tatted on him because he's a shooter,14
when you dunk on shaqâ€¦,14
"the japanese sport ""bring the pole down""",14
"us women's soccer star, carli lloyd, makes a 55-yard field goal during philadelphia eagles practice",14
pittsburgh pirates' josh harrison reaches 2nd base uniquely,14
this sign seen on college game day.,14
"george best, what a man",14
happy new year to everyone,14
51-point underdog the citadel produced the longest rushing touchdown alabama has given up to any team since 2015,14
euro training,14
milwaukee's matthew dellavedova steals rolling inbound pass to beat the buzzer,14
gold medal-winning u.s. olympic men's curling team throwing the first pitch at the twins home opener,14
"shaq making the 6'6"", 270 lbs rob gronkowski look like a kid on his shoulders",14
#50 with the assist of the game,14
"roger federer defeats marin cilic to win record-tying sixth australian open, now has 20 grand slams overall",14
odell beckham jr. plays catch with a young fan,14
how to put spin on the cue ball,14
congratulations dutch women's football team for making it to the world cup finals!,14
"since the world cup begins today, i created an animation with the flags of the qualifying countries.",14
yates the potential #1 pick in the nfl draft was suspended for accepting a loan - that he paid back in full - from a family friend. the potential #1 pick in the nba draft was ruled ineligible because his coach helped his family move while in hs. another banner day for the ncaa.,14
got em,14
"referee gets injured in belgian cup match, gets replaced by guy from the crowd. luc bosmans got the chance to be linesman in a match with 2 clubs of the belgian first division. he did not make any mistakes and even stepped in to calm the players in some incidents",14
eli manning gets tackled by...nobody.,14
one of the most vicious flagrant fouls you'll ever see,14
senegal manager aliou cisse's celebration when his team scored,14
boban marjanoviÄ‡ plays keep away with anthony davis,14
marc-andre ter stegen comes up huge with two sets of back to back saves in the same game,14
don't try to pick a fight with the goalie,14
tiger went downhill fast.,14
"powerlifter jessica buettner nails a 231.5kg (510.37lbs) deadlift at a recent competition, a new canadian record for her weight class.",14
julian edelman gives super bowl tickets to 7th grade girl who was bullied for playing football as her team's quarterback,14
mayor of nashville knows how to make america great again,14
getting out of the bunker,14
minnesota twins outfielder byron buxton makes leaping catch at the wall,14
maybe don't shove your coach though,14
never celebrate too early,14
iowa state band brought out t-rexes for the halftime show,14
pretty great team work!,14
novak djokovic becomes first tennis player in history to win all four slams and all nine masters,14
michael jordan's satisfying fadeaway shot,14
fake pick-off attempt works in american legion championship game last night,14
"maurizio sarri tries to substitute kepa arrizabalaga for willy caballero, but kepa refuses to come off and sarri is absolutely furious!",14
marathon speed â€‹â€‹experience,14
bowling pin defies gravity,14
how to celebrate a goal in style,14
49ers wr dante pettis whips out the thriller dance after a touchdown on halloween,14
sportsmanship.,14
first of all,14
michigan state's matt mcquaid turns his own blocked shot into a buzzer-beating three,14
"this dude got it, 6'2"" and legit free throw line.",14
tennis great john mcenroe throws one of the best ceremonial first pitches ever,14
gotta give it to the san jose sharks for this towel design. amazing,14
legally blind high school wrestler wins the alabama state championship,14
nba draft suits--2003 vs 2017,14
"andrew jones, the texans longhorns guard that was diagnosed with leukemia, is still getting buckets!",14
albert almora jr. accidentally hit a 4 year old girl in the stands with a hard hit foul ball. this is him after being told by a park security guard that the little girl will be okay.,14
fan about to take the ceremonial first touch goes and scores for his team instead,14
bolt having a serious moment pre-race,14
some superbly executed synchonised drop n' role.,14
mcgregor about the mayweather fight,14
world cup: croatia beats russia by penalties and moves to the semi-finals,14
jacare souza blasts chris weidman and tries to show enough restraint for the ref to stop the fight.,14
perfect motorcycle turn,14
"dereck lewis ko's alexander volkov in ufc 229, proceeds to give the best speech in ufc history",14
kevin kisners caddie never misses leg day.,14
"rod salka pounds his chest, then instantly pays for his bravado at the hands of danny garcia",14
hockey kid makes a friend on the visiting team,14
in a league of his own,14
"one year after losing 19 of its players in a plane crash, brazilian club chapecoense clinched qualification to the copa libertadoresâ€”the south american champions league",14
rutgers offensive lineman celebrates a touchdown by punching his quarterback in the head,14
insane pass from south african rugby player dillyn leyds,14
chicago cubs' javier baez slides smoothly into third base,14
aerial photo of the b2 stealth bomber flyover at the 2018 rose bowl game,14
"lebron james's response to criticism for not speaking out on human rights issue: ""i don't think every issue should be everyone's problem.""",14
celtics' kyrie irving surprises a cavaliers fan,14
roof closing at the mercedes-benz stadium in atlanta,14
olympics provide the simple pleasures in life,14
bristol city manager lee johnson celebrates a last minute wining goal vs man utd with a young ball boy,14
lacrosse goalie makes a save with his hand after the whistle blows,14
mississippi state wins it at the buzzer to end uconn's win streak of 111 games,14
soccer used to have different rules,14
byu mascot just stole all your ladies,14
tiger's winning moment in all five masters!,14
epic matchpoint in crazy sport,14
david beckham's free kick against greece which secured england's qualification for the 2002 world cup,14
tcu basketball surprises a walk-on player with a scholarship,14
changing 5 wheels in 3.3 seconds,14
mallex smith stolen base cycle against the rangers,14
senegal player sends a shot over the goal and into the stands. shirtless japan fan heads it away.,14
hockey player turns stick into a javelin for the most incredible shootout goal,14
jack nicklaus paying tribute to his buddy arnold palmer this morning to open the master's,14
"fun fact: did you know that when sweden and denmark play each other in fifa wc, the letters that are used for the teams are swe vs den (together, sweden) and the remaining letters which are not used are den and mark (together, denmark)",14
tricking the opponent,14
caballero's (argentina goalkeeper) costly mistake.,14
goalkeeper's ghost pass. hilarious!,14
"""hey now. if it works, it works""",14
brilliant touch by the sky sports app for international women's day,14
zlatan ibrahimoviÄ‡ has been calling la galaxy fans to congratulate them on buying season tickets,14
miami and duke played a football game on slip 'n slide field conditions,14
101-year-old indian woman wins 100 meter dash at world masters games in new zealand as the only competitor in the 100+ age category.,14
"the ""miami miracle"" game winning play against the patriots 8-bit tecmo version",14
young houston astros fan faked out by umpire,14
don't mess with the texans.,14
kid learning to dunk hammers it over his own dad,14
tyler nicholson and staale sandbech create a new olympic sport,14
does this count as a 2 or a 3?,14
john mcginn's volley vs sheffield wednesday.,14
"exactly 20 years ago today, ""the bite fight""",14
heavy metal granny,14
the tee retriever for new mexico state works really hard,14
high school heavyweight gable steveson celebrates his 4th minnesota state wrestling championship with some amazing acrobatics for a 260 pound athlete,14
finishing 3rd while carrying the camera rig is just showing off.,14
celebrating the right way,14
"fifa no longer considers ""corruption"" a violation under its new ethics code, but will now ban any officials found to have made ""any public statements of a defamatory nature towards fifa.""",14
billy hamilton reaches up and over the wall to stop a home run,14
from hero to zero,14
drew brees sent a custom gift to the offensive linemen who blocked for him as a thank you for helping him break the nfl passing record. here's ot damion mcintosh's.,14
'what just happened?',14
"2018 worlds strongest man ""the mountain"" vs arm-wrestling champion devon larratt",14
dad's drawing of mj from his art class in 1992,14
beauty and the beast - kovalchuk and morozov figure skating for the khl all star game,14
leicester city become premier league champions,14
jet sprint boat racing,14
2019 indoor skydiving world championships,14
jacob faria somehow catches a 108 mph flying back to him,14
"ostrich racing in minnesota, it's as ridiculous as it sounds.",14
seahawks sideline coach with a spectacular hidden ball move,14
"francisco cervelli reassures his pitcher trevor williams as he calls for a low curveball, williams executes perfectly",14
kori carter's 'game-face',14
"4'8"" olympic gymnast simone biles standing next to 7'1"" shaq ðŸ˜³",14
capers-smith goes for an interception but the ball goes straight through his hands,14
mexico fans throwing bottles at player taking corner. trinidad shuts them up.,14
tony romo narrates a cat taking the field during the dolphins ravens game,14
skiing through the valley of death,14
what a sailboat going 50 knots looks like,14
mayweather tko of mcgreggor in 10th round,14
"aaron rodgers fucking hates the eagles, man.",14
billy is a boy with the coolest home run celebration. (x-post /r/humansbeingbros),14
novak djokovic is classy af,14
houston texans nfl owner on kneeling: 'we can't have the inmates running the prison',14
japan score a brilliant team try against scotland in the rugby world cup!,14
douglas costa gets past seven defenders to score the game winning goal for juventus in the 93rd minute,14
the respect these guys have for each other is amazing,14
muhammad ali dodges 21 punches in 10 seconds.,14
toronto blue jays infielder darwin barney has a really tough time getting to 3rd base,14
powerlifter jessica buettner attempts a 237.5kg (523.6 lb) deadlift at the 2019 ipf worlds,14
spectator just past the halfway point of the boston marathon encouraging runners to not give up,14
tj dillashaw uses renan barÃ£o's head as a punching bag successfully defending his bantamweight championship.,14
fan high-fives chicago white sox right fielder avisail garcia after catch,14
patrick warburton drops the puck and brings back david puddy to pump up the new jersey devils crowd,14
cal qb ross bowers somersaults into the end zone for a td,14
this is a soccer/volleyball game called sepak takraw native to se asia,14
"one of the most irish experiences i'll ever have: hurling lessons in a parking lot behind waterford crystal, a couple guys preparing for the regional championships.",14
arsenal finishes off a crafty team goal,14
washington capitals' devante smith-pelly squirting water at an annoying heckler,14
absolutely incredible skills to sink the basket during a high school basketball match,14
poster at sec gameday makes fun of tim tebow's attempted baseball career,14
failed soccer bicycle kick,14
steelers rb james conner is a cancer survivor. he had a moment with a young fan that finished chemo.,14
the nhl's twitter page made this college in honour of jaromir jagr,14
vasyl lomachenko knocks down chonlatarn piriyapinyo with a sequence only he could throw,14
marcus mariota delays the handoff until the very last moment before flipping the ball forward for the touchdown,14
on this day 20 years ago the monstars blew a 66-18 halftime lead to michael jordan and the tune squad,14
"seattle seahawks' michael bennett calls out other pro athletes charging for youth camps: ""whether it's steph curry or whoever it is, it makes me mad because there's so many kids who can't afford to pay such a high amount of money. how much money do you need before you start giving back for free?""",14
unbelievable save by steven odendaal in moto2,14
go jags,14
